2017,Honda,Accord,LX
2017,Honda,Accord,Sport
2017,Honda,Accord,Sport SE
2017,Honda,Accord,EX
2017,Honda,Accord,EX-L
2017,Honda,Accord,EX-L V6
2017,Honda,Accord,Touring
2017,Honda,Accord Hybrid,Hybrid
2017,Honda,Accord Hybrid,EX-L
2017,Honda,Accord Hybrid,Touring
2017,Honda,Accord Coupe,LX-S
2017,Honda,Accord Coupe,EX
2017,Honda,Accord Coupe,EX-L
2017,Honda,Accord Coupe,EX-L V6
2017,Honda,Accord Coupe,Touring
2017,Honda,Civic,LX
2017,Honda,Civic,EX
2017,Honda,Civic,EX-T
2017,Honda,Civic,EX-L
2017,Honda,Civic,Touring
2017,Honda,Civic Hatchback,LX
2017,Honda,Civic Hatchback,Sport
2017,Honda,Civic Hatchback,EX
2017,Honda,Civic Hatchback,EX-L
2017,Honda,Civic Hatchback,Sport Touring
2017,Honda,Civic Si,Si
2017,Honda,Civic Si Coupe,N/A
2017,Honda,Odyssey,LX
2017,Honda,Odyssey,EX
2017,Honda,Odyssey,EX-L
2017,Honda,Odyssey,Touring
2017,Honda,Odyssey,Elite
2017,Honda,CRV,LX
2017,Honda,CRV,EX
2017,Honda,CRV,EX-L
2017,Honda,CRV,Touring
2017,Honda,Pilot,LX
2017,Honda,Pilot,EX
2017,Honda,Pilot,EX-L
2017,Honda,Pilot,Touring
2017,Honda,Pilot,Elite
2018,Honda,HR-V,LX
2018,Honda,HR-V,EX
2018,Honda,HR-V,EX-L
2018,Honda,Fit,LX
2018,Honda,Fit,Sport
2018,Honda,Fit,EX-L
2018,Honda,Accord,LX
2018,Honda,Accord,Sport
2018,Honda,Accord,Sport SE
2018,Honda,Accord,EX
2018,Honda,Accord,EX-L
2018,Honda,Accord,EX-L V6
2018,Honda,Accord,Touring
2018,Honda,Accord Hybrid,Hybrid
2018,Honda,Accord Hybrid,EX-L
2018,Honda,Accord Hybrid,Touring
2018,Honda,Accord Coupe,LX-S
2018,Honda,Accord Coupe,EX
2018,Honda,Accord Coupe,EX-L
2018,Honda,Accord Coupe,EX-L V6
2018,Honda,Accord Coupe,Touring
2018,Honda,Civic,LX
2018,Honda,Civic,EX
2018,Honda,Civic,EX-T
2018,Honda,Civic,EX-L
2018,Honda,Civic,Touring
2018,Honda,Civic Hatchback,LX
2018,Honda,Civic Hatchback,Sport
2018,Honda,Civic Hatchback,EX
2018,Honda,Civic Hatchback,EX-L
2018,Honda,Civic Hatchback,Sport Touring
2018,Honda,Civic Si,Si
2018,Honda,Civic Si Coupe,N/A
2018,Honda,Odyssey,LX
2018,Honda,Odyssey,EX
2018,Honda,Odyssey,EX-L
2018,Honda,Odyssey,Touring
2018,Honda,Odyssey,Elite
2018,Honda,CRV,LX
2018,Honda,CRV,EX
2018,Honda,CRV,EX-L
2018,Honda,CRV,Touring
2018,Honda,Pilot,LX
2018,Honda,Pilot,EX
2018,Honda,Pilot,EX-L
2018,Honda,Pilot,Touring
2018,Honda,Pilot,Elite
2018,Honda,HR-V,LX
2018,Honda,HR-V,EX
2018,Honda,HR-V,EX-L
2018,Honda,Fit,LX
2018,Honda,Fit,Sport
2018,Honda,Fit,EX-L
2017,Lexus,IS,200t
2017,Lexus,IS,200t F-Sport
2017,Lexus,IS,300
2017,Lexus,IS,300 F-Sport
2017,Lexus,IS,350
2017,Lexus,IS,350 F-Sport
2017,Lexus,ES,350
2017,Lexus,ES,300h
2017,Lexus,GS,Turbo
2017,Lexus,GS,Turbo F-Sport
2017,Lexus,GS,350
2017,Lexus,GS,350 F-Sport
2017,Lexus,GS,450h
2017,Lexus,GS,450h F-Sport
2017,Lexus,LS,460
2017,Lexus,LS,460L
2017,Lexus,LS,460 F-Sport
2017,Lexus,NX,Turbo
2017,Lexus,NX,Turbo F-Sport
2017,Lexus,NX,NX 300h
2017,Lexus,RX,350
2017,Lexus,RX,350 F-Sport
2017,Lexus,RX,450h
2017,Lexus,RX,450h F-Sport